timestamp,object_name,mode,used_memory,time_to_lock_sec,deformation_events,final_closure_mean,final_effort_mean
1789539676.6776674,apple,derivative,False,3.736,4,0.0750,0.0056
1789539916.3486867,apple,derivative,True,0.000,4,0.0750,-0.2163
1789540166.3514075,apple,derivative,True,0.000,0,0.0750,0.0050
1789540379.2878923,apple,derivative,True,0.000,0,0.0750,0.0026
1789540646.6681728,apple,derivative,True,0.000,0,0.0750,0.0049
1789540810.8622293,apple,derivative,True,0.000,0,0.0750,0.0041
1789540890.382764,apple,derivative,True,0.000,0,0.0750,0.0047
1789540908.3611414,apple,derivative,True,0.000,0,0.0750,0.0040
1789540926.4324994,apple,derivative,True,0.000,0,0.0750,0.0524
1789540949.864432,apple,derivative,True,0.000,0,0.0750,-0.0002
1789540968.6204474,apple,derivative,True,0.000,0,0.0750,0.0002
1789540986.9298542,apple,derivative,True,0.000,0,0.0750,0.0006
1789541170.1469123,apple,derivative,True,0.000,0,0.0750,0.0061
1789541254.3935993,apple,derivative,True,0.000,0,0.0750,0.0042
1789541277.9439626,apple,derivative,True,0.000,0,0.0750,0.0023
1789541301.2508757,apple,derivative,True,0.000,0,0.0750,0.2883
1789541323.0978138,apple,derivative,True,0.000,0,0.0750,0.0007
1789541345.8665652,apple,derivative,True,0.000,0,0.0750,0.0007
1789541518.5061295,apple,derivative,True,0.000,0,0.0750,-0.0016
1789541615.8447416,apple,derivative,True,0.000,0,0.0750,0.1375
1789541639.0242252,apple,derivative,True,0.000,0,0.0750,0.6426
1789541657.3595924,apple,derivative,True,0.000,0,0.0750,0.7005
1789541680.8528633,apple,derivative,True,0.000,0,0.0750,-0.1924
1789542039.3746865,apple,derivative,True,0.000,0,0.0750,-0.0016
1789542181.457212,apple,derivative,True,0.000,0,0.0750,-0.3701
1789542208.0877848,apple,derivative,True,0.000,0,0.0750,-0.0016
1789542866.1182745,apple,derivative,True,0.000,0,0.0750,0.0063
1789542926.7262096,apple,derivative,True,0.000,0,0.0750,0.0055
1789542944.7204218,apple,derivative,True,0.000,0,0.0750,0.0055
1789542962.1666074,apple,derivative,True,0.000,0,0.0750,0.0055
